{
  "version": "3.0",
  "defaultProvider": "cdnjs",
  "libraries": [
    {
      "library": "datatable@2.0.1",
      "destination": "wwwroot/lib/datatable/",
      "files": [
        "js/datatable.min.js",
        "css/datatable-bootstrap.css",
        "css/datatable-bootstrap.min.css",
        "css/datatable.css",
        "css/datatable.min.css",
        "img/sort_asc.png",
        "img/sort_both.png",
        "img/sort_desc.png",
        "js/datatable.jquery.js",
        "js/datatable.jquery.min.js",
        "js/datatable.js"
      ]
    }
  ]
}